1|Connaissance du travail
2|Qualité du travail
3|Esprit d'initiative
4|Rendement, Productivité, Efficacité
5|Sens des responsabilités 
6|Motivation
7|Aptitude au leadership
8|Ponctualité, Assiduité, Présence
9|Discipline
10|Relations humaines
11|Respect
12|Engagement
13|Performance
14|Créativité
15|Satisfaction client
20|A REMPLIR
21|A REMPLIR
22|A REMPLIR
23|A REMPLIR
24|A REMPLIR
25|A REMPLIR
26|A REMPLIR
27|A REMPLIR
28|Souci d'éfficacité et de résultat
29|Fiabilité et qualité de son activité
30|Respect des procédures ou modes opératoires, des obligations statutaires
31|Gestion du temps et réduction des coûts
32|Relation avec la hiérarchie
33|Transversabilité manageriale
34|Communication
35|Accompagner les agents
36|Gérer les confilts
37|Fixer des objectifs
38|Déléguer
39|Accompagner le changement
40|Superviser et contrôler
