2026A|Agent d'appui paie
2026B|Contremaitre
2026C|Coordinateur Achat
2026D|ASSISTANTE GMS
2026E|GESTIONNAIRE de stock PDR
2026F|MECANICIEN AUTO
2026G|RESPONSABLE Montage R ET PROD
2026H|CONTROLEUR RAVITAILLEMENT
2026I|DIRECTEUR TECHNIQUE
2026J|OPERATEUR DE BROYAGE
2026K|AGENT D'APPUI RH
2026L|CHARGE EFFICACITE ENERGETIQUE
2026M|RESPONSABLE FORMATION & ADP
2026Z|Assistant Développement RH
2848D|Assistant Responsable MMP
28B14|Assistant Achats Matières Premières
2B453|Chef d'Equipe Fabrication Parfum
2BF69|Responsable Section Emballage
2BGFRT|Agents Commerciaux Abidjan
2D964|Chauffeur/Technicien de son podium
2E08A|Agent Transit Import
2E53E|Préparateur de Mélanges
32F47|Rédactrice et Chargée Suivi Projets Création
33031|Peintre 
342F3|Assistant Suivi Logistique
34435|Chef d'Equipe Utilités
34B60|Gestionnaire de Stocks Plastique
36CE2|Superviseur Ventes
3979E|Agent de Transit Import
39DE9|Contrôleur Emballage
3D6F1|Modeleur 3D
3F1AA|Plombier 
41800|Facturier
42793|Responsable Multimédia et Coordinateur Technique
47785|Surveillant  
4848E|Soudeur 
49228|Chauffeur-Coursier
49C3D|Technicien Laboratoire CQ
51586|Assistante Ressources Humaines
51AA4|Infographiste
5322B|Responsable Maintenance 
54182|54182
54897|Adjoint Responsable Laboratoire R&D
57D46|Chargé de Développement RH
585C7|Assistant Responsable MPF
585CB|Technicienne Laboratoire R&D
5B32B|Gestionnaire de Stocks Production
5BC20|Assistante Responsable Service Commande
5EE13|Chargé de Formation & ADP
6024F|Responsable Coordination et Optimisation de la Production
63B32|Aide-Soignant
63FB9|Chauffeur Poids Lourds Commercial
648A2|Tôlier
655BC|Menuisier
67BBF|Ingénieur de Production
6844C|Electricien Engins
69905|Commercial Export
6C391|Responsable Achats Techniques
6F602|Responsable SMQ
735F6|Electromécanicien
769BD|Maçon
76D0F|Gestionnaire de Stocks Commercial
7792C|Assistant Marketing-Commercial Promo.
77D21|Fraiseur
7AF21|Agent Transit Export
7D272|Assistante de Gestion Garage 
80092|Machiniste Industriel
80526|Assistant Paie
8251E|Caissier
86BE9|Assistante de Direction
8C652|Technicien Syst Res Informatiq
8E218|Commercial Zone Intérieur
8EC4F|Assistante Suivi Commandes
95E27|Developpeur Informatique
99514|Adjoint Responsable Transit Import
9ABB2|Mécanicien Soudeur Industriel
9B9DB|Assistant Comptable
9C535|Assistant Suivi Commandes
9C6F2|Archiviste 
9C9BA|Chargé des inventaires Stocks
9FF1A|Responsable Maintenance Moule et Programmation CNC
A10F5|Commercial Zone Abidjan
A5604|Assistant Achats Packaging
A659F|Electronicien
A65B9|Assistante Gérante Vendeuse
A68A9|Technicienne Laboratoire CQ
ADCE1|Chef d'Equipe Sérigraphie
ADT|Assistante Direction/Trésorière
AE8AD|Gestionnaire de Stocks PDR Plastique
AF932|Mécanicien Industriel
AFD9F|Gestionnaire de Stocks Cosmétique
AGENTS|Agent de Saisie
AIDSOI|Aide-Machiniste
ARCC|Adjoint Responsable Conditionnement Cosmétique
ARESCQ|Adjoint Responsable CQ
ARLP|Adjoint Responsable Livraison Plastique
ARTP|Adjoint Responsable Technique Plastique
ASMQ|Assistant SMQ
ASSCON|Assistant Contrôleur
ASSHSE|Assistant HSE
ASSICO|Assistant Contrôle (Adjt Resp.Livraison)
ASSTEC|Assistant Achats Techniques
ASSTRE|Assistant Tresorerie
AUDINT|Auditrice Interne
AZE44|Assistant Tresorerie Client
AZFFFE|Assistant Tresorerie Fournisseur
B191A|Technicien Machine CNC
B2BAC|Merchandiseuse
B53B9|Assistant Directeur Administratif et Financier
B56C7|Opérateur de Production 
B7EA4|Responsable Planning Production
BB25E|Chef de Département Finances et Comptabilité
BCA8A|Responsable Utilités
BDECB|Chef d'Equipe Soufflage
BDM|Business Development Manager
BEDC2|Tourneur
C17AE|Agent de Liaison
C2B66|Responsable Commercial et Marketing
C45F3|Chimiste-Fabricant
C4F2E|Electricien Industriel
C57CB|Chef d'Equipe Production Plastique 
C596B|Chef Comptable
C5B93|Agent Polyvalent
C9535|Chargée de Communication Visuelle
CB08D|Mécanicien Engins
CD65C|Superviseur Commercial Intérieur
CDALT|Chef de Département Achats, Logistique et Transport
CDPAPL|Chef Département Production & Achats Packaging Local
CDRH|Chef Département des Ressources Humaines
CDT|Chef Département Transit
CE777|Agent de maintenance Moules
CEAS|Chef d'Equipe Autres Spécialités
CECONC|Chef d'Equipe Conditionnement Cosmétique 
CECQ|Chef d'Equipe Contrôle Qualité
CEE|Chef d'Equipe Electricité
CEINJ|Chef d'Equipe Injection
CEM|Chef d'Equipe Maintenance
CG|Chef de Garage
CGMS|Coordinatrice GMS
CHAPLR|Chauffeur Poids Lourds Cosmétique & Plastique
CHAUDR|Chaudronnier
CHEFEQ|Chef d'Equipe Entretien Usine
COIFFE|Coiffeuse
COMZON|Commercial Zone
CONLIV|Contrôleur Livraison
COOPDI|Coordinateur Projet Direction
CRHADP|Chargé RH Projets et ADP
D11D6|Chef d'Equipe Nettoyage Usine 
D1C48|Agent de Bureau Commercial Export
D1D46|Gestionnaire Admission Temporaire
D34D5|Administrateur Système
D60A9|Tourneur-Fraiseur 
D71CC|Contrôleur Qualité Plastique 
DA15F|Opératrice de Production 
DAF|Directeur Administratif et Financier
DBC9E|Contrôleur de Gestion
DC489|Cariste
DCEE4|Aide-Fabricant
DCL|Directeur Commercial Local
DD3F0|Assistante Juridique
DD653|Responsable des Laboratoires Contrôle Qualité et Recherche & Développement
DGA|Directeur Général Adjoint
DIAI|Directeur Informatique & Audit Interne
DMCD|Directrice Marketing, Communication & Design
DUCA|Directeur Usine Cosmétique & Achats
DUP|Directeur Usine Plastique 
E2335|Commercial VAN
E27DA|Technicien Froid
E2D32|Opérateur de Pesée de Matières
E2D7D|Comptable
E334D|Coordinatrice des Ressources Humaines
E3CA6|Aide-Soignante
E3E49|Chef d'Equipe Mécanicien Industriel
E95DE|Assistant Social
EBED7|Coordinateur Ressources Humaines
EDEC6|Agent de Recouvrement
EVALPA|Evaluatrice Parfum 
F32DE|Electrotechnicien
F5C02|Commercial GMS
FC1AD|Dessinateur Informatique
GESASA|Gestionnaire Assurance Santé
GP|Gestionnaire Paie
GV|Gérante-Vendeuse
INFIR|Infirmier
INGMEC|Ingénieur Mécanique
LIVREU|Livreur
MT|Medecin du Travail
OPLIVR|Opérateur de Livraison 
PDG|Président Directeur Général
RA|Responsable Atelier
RASL|Responsable Audit et Suivi Logistique 
RATC|Responsable Achats Techniques Cosmétique
RBECQ|Responsable Bureau d'Etude et Contrôle Qualité
RCD|Responsable Communication & Design
RCE|Responsable Commercial Export
RECEPT|Réceptionniste/Standardiste
REPFFJ|Responsable Tresorerie Fournisseur
RESGMS|Responsable GMS
RESPLI|Responsable Livraison
RF|Responsable Facturation
RFC|Responsable Fabrication Cosmétique
RFD|Responsable Fabrication Dentifrice
RG0F56|Responsable Tresorerie Client
RHSE|Responsable HSE
RJ|Responsable Juridique
RLC|Responsable Livraison
RLCC|Responsable Laboratoire Contrôle de la Conformité (Pharmacien)
RLRDCQ|Responsable des Laboratoires R&D et C&Q
RM|Responsable Mélange
RMC|Responsable Marketing & Communication
RMMPC|Responsable Magasin Matières Premières Cosmétique
RMMPP|Responsable Magasin Matières Premières Plastique
RMP|Responsable Maintenance Plastique
RMPF|Responsable Magasin Produits Finis
RPP|Responsable Production Plastique
RPSM|Responsable Projet Suivi Maintenance
RRMPC|Responsable Ravitaillement et Magasin Produits Consommables 
RSD|Responsable Section Dentifrice
RSE|Responsable Section Emballage
RSER|Responsable Sérigraphie
RSFC|Responsable Section Fabrication Cosmétique
RSFNP|Responsable Sourcing Fournisseurs et Nouveaux Produits
RSI|Responsable Section Injection
RSIS|Responsable Section Injection Soufflage (PET)
RSMQ|Responsable Système Management de la Qualité
RSP|Responsable Section Parfum
RSSA|Responsable Section Savon
RSSO|Responsable Section Soufflage
RST|Responsable Section Talc
RTCP|Responsable Technique Cosmétique & Projets
RTE|Responsable Transit Export
RTI|Responsable Transit Import
RUP|Responsable Utilités Plastique
SCQP|Superviseur Contrôle Qualité Plastique
TECHUT|Technicien Utilités
