9AL|Audit et Logistique|DUPL
9AT|Atelier|DUPL
9CH|Administration Chauffeur Plastique |DLTP
9CM|Conception|DUPL
9CQ|Contrôle qualité |DUPL
9DA|Administration Plastique|ADMP
9GA|Garage|DLTP
9IS|Production Injection et Soufflage|DUPL
9LI|Livraison Plastique|DUPL
9LM|Magasin Matière Premières Plastique|DUPL
9PI|Production Injection|DUPL
9PR|Production Plastique|DUPL
9PS|Production Souflage|DUPL
9SE|Sérigraphie Plastique|DUPL
9SM|Salle des Machines|DUPL
9SR|Magasin Pièces de Rechange Plastique|DLTP
9ST|Service Technique Plastique|DUPL
9TS|Moyens Generaux Plastique|DUPL
ACA|Agents Commerciaux Abidjan|DCOM
ACI|Agents Commerciaux Intérieur|DCOM
ACL|Achats Techniques Cosmétique|DUCO
ADF|Administration et Finance|DAFI
ASM|Agents Supermarché|DCOM
ASP|Autres Spécialités|DUCO
C&Q|Laboratoire Contrôle Qualité Cosmétique|DDCP
CGE|Contrôle de Gestion|DAFI
COC|Conditionnement Cosmétique|DPAP
COD|Conditionnement Dentifrice|DPAP
COP|Conditionnement Parfum|DPAP
COS|Conditionnement Savon|DPAP
COT|Conditionnement Talc|DPAP
CPT|Comptabilité|DAFI
CRE|Création|DMAR
DIG|Direction Générale|DIRE
ELC|Electricité|DUCO
EMB|Emballage |DPAP
EXP|Export|DCOM
FAC|Fabrication Cosmétique|DPAP
FAD|Fabrication Dentifrice|DPAP
FAP|Fabricant Parfum|DPAP
FAS|Fabrication Savon|DPAP
FAT|Fabrication Talc|DPAP
FCT|Facturation et Saisie|DCOM
HSE|Hygiène, Sécurité & Environnement|DUCO
INF|Infirmerie|DDRH
INO|Informatique|DINF
JUR|Juridique|DIRE
LIV|Livraison Commerciale|DCOM
MAI|Maintenance|DUCO
MAR|Marketing|DMAR
MGS|Magasin Service Technique|DUCO
MMP|Magasin Matiéres Premières|DUCO
MPC|Magasin Produits Consommables|DUCO
MPF|Magasin Produits Finis|DCOM
PAY|Paie |DAFI
PES|Pesée|DPAP
PLS|Magasin Pièce de rechange ( PDR)|DUCO
PRO|Production|DUCO
QLT|Management Qualité|DIRE
R&D|Laboratoire R&D|DDCP
RSH|Ressources Humaines|DDRH
SRA|Service de ravitaillement|DUCO
TEC|Technique & Projets|DUCO
TRA|Transit|DAFI
TRE|Trésorerie|DAFI
TSU1|Nettoyage Admininistration Cosmétique|DDRH
TSU2|Nettoyage Usine Cosmétique|DUCO
TSU3|Nettoyage Administration Commerciale|DCOM
